tron_profit,bg_mean_profit
8100.075876999771,46.96796434890257
27889.012172486007,-3117.65289189706
844.6805304155777,157.87066734879394
-7150.842203087189,610.8262329353792
-565.6408417903087,254.68528383410464
59385.875695651346,-3057.848943418017
8524.376744188146,55.95512232300712
-9970.544572605648,871.1224597140131
10010.88413549291,318.55358206784604
6606.8438295527585,295.42022943586034
7936.892068815801,185.87212402290766
-40641.78244810963,2330.2913737630265
30496.431582994497,-1329.456280630986
2107.0401436850234,-170.1866747353191
-4180.663336242122,697.3749798878613
-478.64781284428324,298.9030585009471
-740.307998086483,576.5159726936918
1136.8417165861051,180.93429265816306
2232.437501828854,225.97916404135535
-762.5600598033216,740.6524814501345
-39346.76173573219,2126.118380937067
17970.693271497188,-846.936530805237
-1458.8484762388152,819.2356560940774
3269.7604582925164,-848.3913540506968
-21998.208323373667,1354.7824554182137
-7351.170712584294,1083.3541615529828
-7042.511195344388,1093.220505564769
-1918.7392592163235,513.7349280559741
4291.025691317793,195.35384970910175
-9637.327968885233,704.7295804333822
-31091.327995852673,1756.0349174948988
-16007.486258872617,735.1966192097531
0.0,522.3056405839812
11271.176964281527,-118.33693931108792
-722.376763613198,389.5760673020549
-10549.959928699143,734.7718652710369
-1329.2403018308617,448.6931114571368
-68870.97905667718,3492.703623318357
-10340.4085780896,46.103067586464626
-12688.710985661348,1039.5228918851933
49527.91017251576,-1342.4298834178587
1814.7502872791108,394.1362462357349
-25398.258188819105,1694.139952962226
23204.42514887787,268.4835651882265
-4776.895029189494,1781.5462885973138
-1136.3387731320458,525.0650050349323
-1679.5379362577662,743.6386517000802
-4122.801342630636,567.5269322408255
-1884.0060132457122,704.4770140882092
-1649.5301670662159,533.3039125934935
-8372.408350989015,612.2352799398628
14870.667636849117,570.4025131873536
18846.346123878375,12.881120543634703
0.0,337.18503987233026
0.0,264.3159618562798
5648.230578019399,435.0743758358172
6697.6372921248885,159.361173539561
14033.212698085084,-180.8876332937407
699.5931047634632,277.45074331943465
7908.836855429426,1018.7999036752891
121.21519457786053,271.44717832533587
-1080.3473142396108,834.5025991671232
19653.095604547227,-514.5852328876086
3732.744611952156,-23.06936725740252
-8247.955234170258,945.2073698717078
-1290.2949153245315,390.9829264017072
-1700.0984899700852,389.2884119580887
5048.367035742995,542.87517763607
-876.4503644106045,475.04703444724765
-2407.7973198698537,212.6703709129944
-6382.856199066776,992.9361919685671
-866.5795208026248,361.11731824903126
0.0,211.70440066961933
-1661.9340227581727,-153.26605690282517
68665.58188271866,-2583.699414947692
4919.069383720344,1933.2255369652346
6730.980958348524,740.7742695141551
12115.696175443349,169.33387679226607
-2484.2009244925794,823.8033397797088
-17285.23547011598,1424.06499144421
12375.59277361112,238.1137811268809
-7557.176649288866,987.0865393787232
-3274.121288422191,551.0149978305448
-1314.8535801769883,403.30143342039963
266.9043324055833,566.7294370404023
121.21221282810437,327.8416085512681
-14734.83536034181,873.2844642606684
-12159.70933098724,765.8711295584276
4102.970365615867,-182.68958446445276
0.0,285.80802358351565
-750.8813281126203,395.4254305821367
-12594.870073016491,1529.7212014433062
16449.28460481008,-207.44911680903905
3024.030470553298,330.9849535589905
9211.046072290397,278.6903277903628
-243.56396475596975,167.93327220346106
-5344.957664198347,385.53454886326784
-5281.435240236572,587.8259772800714
-8980.008134100439,412.397228976952
998.972362620711,672.9590309818676
-1320.057826025775,527.2438759331516
531.32266589589,337.8246363272576
-25438.142374491912,833.2322608115209
520.1775486572134,143.5816786003164
66.51710554877353,369.4187924494536
475.56913439689384,103.88169829310209
-23403.48178289114,1928.3733210100545
804.5544266694886,19.366832734850885
903.6904503470871,319.4840651580692
15263.266472237801,-1322.8870282452808
11638.949746788085,71.73446256778512
22618.92594484783,-991.1814259613935
1038.1455830061632,514.4253740370519
-22263.815417893544,1109.0884695072018
6072.888697136025,179.30632248123857
0.0,483.113149506972
6568.205508805739,56.11679590296853
8818.996631880576,95.5722636724892
10422.181284076092,-17.000770101659025
230.17395923598062,319.39583472106193
-821.1375669755507,339.52524009518885
-5964.299134072281,516.0865186127359
13120.454594880996,174.12211465897417
13315.966284022692,481.900413290904
-79.30289531123714,683.4124660692554
58933.33272963613,-2017.3094497235418
1656.8820378576734,368.0293133081229
1009.8303001742169,665.6098183442906
-422.4995215104281,299.7457806034226
-6600.738239518502,586.4788245595934
-130.73875671398437,206.12647097745466
25519.387186554697,-1043.789408794414
-4419.45936910875,447.29925773430097
-1042.509118123882,691.7662940946792
-6135.204555272551,970.9835221061267
5638.062120102002,281.47005942349614
33744.41258212163,-1587.9952613935914
9847.955213951222,50.16108893049587
9626.74801692129,200.61887315710632
34.66647636603737,363.5651896624195
-558.5502780685929,473.058384008295
-85036.3295053463,4315.315514974604
0.0,577.671679737569
-5171.923612859789,616.7079998085163
96.28750379482526,493.11008859033944
-11405.303971827021,724.181816881615
3325.492126792811,223.74973570667115
-6571.58599063792,673.7772469210108
-11766.711614913433,898.9944489734762
173.96044634576538,264.3449150530735
4907.076471683561,184.34686515033252
0.0,221.09763081945312
6259.277719902293,783.9888909014768
4049.907799213988,186.1534837550349
-10352.989352435789,693.9339786385694
-1392.898970247581,478.89080868087285
5078.761672361105,231.63262968398826
3289.312667928025,501.91509732007626
14116.037085686246,-220.539001239417
1213.307921891377,462.29048081953914
3278.902636663731,-88.60137752058979
-8385.240391438178,276.21293386899634
43225.45218171563,-2089.5557949934564
2727.588565985239,690.7335007375623
895.2274525110697,27.42689792176043
3576.3468565485123,367.59378475289367
6686.452086040634,471.80223589378585
10963.795922826648,-468.5097049797899
483.0604698283425,693.8162147841061
-2213.0607615560775,-6.940727626492541
19.510522376542216,629.7565372535283
-15019.613608668915,1086.499139043288
283.0757475388327,873.5656388304305
114.65268953160113,-144.02084598450378
5369.85882802019,143.6966153607491
-6676.614341966796,459.9989940859644
-1007.0419180338893,775.3656076240244
-9049.511459361589,814.1795896867833
6994.20280224578,-10.821712113951435
-2114.54170239287,358.8286572454443
-3810.979145676415,575.0803754429149
585.4854084350667,219.95609114772006
-5243.2660239822735,346.3965203176961
1903.4312235258105,183.01828767607887
2408.6384924574604,635.9366396723482
-4223.682018882583,618.1142688146195
2390.6991916056863,207.58989915692322
890.90451190018,363.7730845721414
-5235.028654801326,447.20629305565086
1196.7682674450914,293.97024500611724
7652.358137957723,103.36387591680636
0.0,468.8732400523697
16860.253807003057,-369.558182206961
6096.052334523318,126.7170621694119
-760.2400904264101,525.8877685994586
-19409.9303770986,1307.0192465633397
4203.543236749173,66.5116923021388
2224.0108291115603,1273.2875215679371
3082.54851293271,202.02580740675998
18714.245100027707,-2451.012251683556
6086.564970743865,182.13392003019786
1736.234485213521,314.557044803687
20849.178544162958,-212.3836084516694
8504.124951728034,320.2699279747878
1518.9519750457985,-51.827540237931466
7679.083699561974,124.1912709964087
9405.352614943677,278.737205572083
18119.521058728347,-153.9512194737587
-15775.933204918963,287.28660020937735
-10192.768546266014,339.84674547439414
99.38272411018289,225.92028620985448
552.7202914705111,379.04674513169357
38189.58785271321,-1080.5600616772333
-8513.431856747458,443.2576756648671
61.83052032478731,394.47273490120733
-7677.871924200104,972.4972928037101
526.4619036216463,349.7524789954141
0.0,495.47594157940676
-2449.150455496072,296.30629597139585
-10869.2266042727,489.23708361294933
-3808.5550419867623,556.4799845728558
-1340.7332937084136,580.8122766350117
-742.0357044001571,126.4332695413915
-1205.7185592771316,454.74156316447346
97.61834940275077,378.84531250697484
-17132.917318746448,582.3169494355647
-258.16461681632853,72.15817422098978
-21626.504600631644,1509.2667654071777
12763.609198925556,222.31694312743926
8275.491809675017,30.628513362248214
4432.301848293496,133.02576279558755
3914.401104685272,362.6143842037611
3922.1152737722587,502.85953017283765
4875.170468777661,202.59401724979523
-895.7223445070415,757.9861613636366
14987.499108513231,-561.3760812982877
-5368.116669316298,677.6268980250802
-2962.510905582152,449.8081644246122
-11600.406348251345,928.2010806768477
14175.699834749917,-349.8329662953056
-862.7743163299895,649.3869275791217
-6433.364620215676,934.1891156134135
-3353.7559449464916,715.5852787786594
-6052.519742048156,565.0536385776527
424.21744368894736,829.1430962549729
7201.885450212689,-1.0930655818352382
23429.798473370574,-1142.052247726912
1033.2996600147014,353.17020037504943
-1105.056484416872,921.0447560892112
-15345.304604652434,1075.9940026816478
4085.111155205779,1201.9395512936271
-2748.1910611129542,128.82942455177027
-2789.3816994875333,71.06008121016089
-4348.140986137887,503.8488752212032
5698.013966739894,206.74197277172934
8525.659163752076,225.53382835604444
-147.3190654969658,364.81979896196543
-5420.364778310497,502.9352257183389
-476.11713593326033,277.4393043904004
0.0,448.9610095531143
-5672.860232324421,924.115459689754
3618.8453910850426,457.9380727369867
-5384.895285772968,493.3410297109947
-486.9549042378498,222.03726752820998
-2034.3815480563778,737.711332900779
9859.638814717944,-45.606446775381905
1766.2271263131543,870.511716828079
5985.787617549082,159.47280428188978
15372.362041769566,-122.95167911028723
-15776.11671444007,1333.1159025801876
506.2652331496502,659.1891564187403
-864.5980842089986,152.2398189018195
-10090.46287878057,542.1588857920464
42411.958580401064,-1039.7715602825535
6423.159947622304,989.7693556112157
-1496.259551592113,449.30186107562685
0.0,397.2026568656731
-3940.4894568863924,351.76435289294614
3921.6356695206027,722.9909428433893
-5530.089704257788,834.3657640939773
-10936.568399511003,592.9395214569134
-1598.219959816289,463.54063169036425
-30375.247426181162,1984.7873102393778
5440.862396517934,351.08525380445616
-132.47648025727443,695.5419014075114
25027.446994061076,-594.3258427439008
-804.8972716750828,250.57505789373076
-4834.819822205904,590.7660991717617
-20266.783522565733,1196.2389517655993
-314.7529133288335,174.13217589616738
16839.906599642152,-947.913939891397
-3220.0908893472083,709.1157213872087
658.4994263557924,-513.9327045542877
-263.7010624564186,271.74437753811816
9427.121895461518,-87.55316423747475
7830.81635004503,139.86915985197174
-18847.740614078873,1133.4032183974584
3058.502637606389,370.87684611218083
-3484.971196190659,1012.0654206876361
7009.532577041678,255.68382082052736
42240.77048686845,-752.4787089440915
-2344.9375535944064,741.6449222957818
3844.2902438864194,445.43375423176013
-5385.554312606747,-275.1344553746947
1550.1512761224878,256.35006866791196
8267.010365705222,-566.0743671543689
3624.494994108337,504.5015668335518
-4317.117308066467,896.7795503917681
10698.142850072298,-625.4716170804122
-3981.0257649540704,894.0913450915044
11371.82392554702,-129.47530349364175
9206.774445722622,-164.59473385016932
-261.5334669654814,659.0936033686405
41661.78159878106,-974.7359551682172
14932.285194686609,1595.7276577900557
-22353.78285759252,1419.0694586683437
-11976.748357098435,965.6563184436405
-5579.971852095906,358.0735726388786
115.66249987575405,257.823453373347
280.9711447312733,943.0630790976656
-28292.52061028471,1358.2156677775936
-14462.374244545692,1122.4611800053328
-9829.707943310317,1091.4709204563987
-11480.737991971231,930.4428012978701
21427.0440128084,-324.8505389984957
9545.856959085957,73.47814392268636
-20788.30332635058,1504.5220055510217
32076.45721716034,-1315.1737490214516
-17833.204048572363,865.8758937281174
206.31839496534687,570.2249602326149
8637.849276412637,-391.0800431862917
0.0,166.54820634728193
1375.1998249931492,301.6062291585052
730.8357665613472,17.79866384633806
761.8790323001306,612.4953986399468
-9242.995044440357,1043.806875265164
-110.73754429499965,431.66428417719584
2233.826954272018,953.5833462523724
-1220.0774777055192,463.4657830356443
-640.5184530789128,435.4556104320383
-5059.363349403689,300.495318094403
26417.502222493484,-738.2313678368778
1978.2128231030074,337.4809234466458
-20332.00550672128,1490.0106820251292
3675.397358374729,103.93731488862204
14325.383397130263,-279.0834059915883
-1008.6673284646821,280.5145832493181
2134.4871409929747,341.1071374317071
-15577.07716583081,1488.128680621934
12508.379482295864,634.8379211622452
51.9963300571695,752.8989843811751
-3565.875035993963,435.8714096075212
19136.81869988957,-1280.8548070713666
2373.9487205141572,491.59444267196415
-17308.799287026817,885.2870836395259
-34140.52438929896,2263.1028312721915
-6998.412953245988,720.6801040830977
7197.2453192317,510.97332609859114
978.8023837632776,326.32242248977207
-15498.472503441993,862.8918264482087
3705.496088488186,288.08607991776574
-3447.5771070151627,1020.8088299150292
9946.27305528507,54.57761837469949
-2387.4996656512662,207.50955012342413
530.634185686919,468.7976908820374
-2046.7564645310388,642.0548686123956
3804.4508849729964,314.8467043532698
-781.4382649593199,89.11006998760224
2494.783433228105,-309.70039790836563
4717.202722197252,413.8844352540004
-1959.3168901944591,192.88443181308494
431.477835637285,397.51871127625844
-3493.422882363,324.96690570591
-4966.284292853858,858.4301689613579
15772.908148702874,-693.6451092503181
-3376.994860676001,154.99822104301134
18672.777632602374,-628.3538260612493
-6595.082160538768,944.0064593664969
4327.027526564584,265.734826700804
-659.1525062675103,436.4117687543957
218.4172647134765,826.4953354679623
664.1603134741092,559.3657347662494
-4296.184728903943,412.95648031459444
-435.1080968168827,674.7167522434642
0.0,305.9810812059472
951.4507399233843,402.5590852865054
132.5112511997431,425.8825480504818
2815.988707158307,513.6906909210225
0.0,334.29041100881176
4475.382780616339,441.332293904082
-18356.517344976568,2147.402269697352
-235.37660424689255,409.13766963269245
-14386.363730832009,926.4299924211767
11617.521836423359,-554.0125297563255
-10622.851383465837,893.8239502767127
6384.113397306141,527.9510324646229
-1906.049730230071,750.508185090292
10839.808217407637,416.91816939727164
-2499.5908003884615,325.62342127602557
-4180.074116595818,510.5678406740556
990.5467382302348,395.0128672214503
4487.233569583917,30.913693281747783
-8314.578009103136,515.0997661731777
-26047.720973262618,1362.3023207888643
254.92792376324536,392.654176083628
-5331.164515656178,499.54725399763237
19739.823435519527,-188.91934815063482
5500.763928986001,485.0539074342112
9643.396088745867,391.53244504902796
-7914.337002043324,998.3990678937913
-796.9278322286348,508.19319974008675
-16695.10261419554,1332.3909764639427
-9592.073348538994,768.9419407223319
-10425.943553409565,1035.1115585429181
4248.4892312258025,-50.24324821318563
1471.0967795952383,458.8048802402565
-2990.724806033569,367.13263478824655
1931.4776469258752,11.146480341201974
2873.000389603543,141.63061689671773
5333.154254151625,-107.36281699797534
-418.66057867373445,711.1832734718319
29420.08457696105,350.409097961357
97384.49100577866,-2881.5400638853334
24488.565591723156,-365.3048747174245
-24952.691515412804,1795.0336092063853
35797.0458736376,-1058.700487729684
-13236.839765665136,959.5493499519893
15954.063186896597,-598.1897879601762
3650.40751838632,735.1620176022019
531.9476016031497,307.25150246169204
62040.19282300249,-2415.2135386917785
-1144.850628717744,295.1847964496726
947.2510604535236,25.966303884650642
-3636.818683232615,592.0197658252449
5513.483174914526,-344.44050948536704
0.0,68.19931818888524
5156.194168704709,316.0774982721458
17137.487478758045,12.274581430283538
-14142.427818940361,690.5001025119514
7887.129016214202,-424.7771408673252
79.21700772104668,381.31814954681687
-804.0354010331567,380.54461517680903
-325.551777235858,593.0179975486845
-4580.805356621445,-113.51037309410715
20076.576312629022,-243.00067435058318
-20.072270567019572,607.9118906499597
-5891.957607033924,342.44153087243996
-1961.231219744724,203.6095596596516
-44007.95623962387,2148.165017715835
-1530.7833755358006,554.9670005504544
-526.4345053881696,351.53491183076585
6505.215287791812,136.62391620821896
-7104.27578032427,517.5169109356641
13057.926555858137,110.82795885196083
102.89828077846323,151.0750194400354
7616.722448086753,-114.54164008422033
716.2221765991355,256.60936596131734
5785.883920788129,-256.3751502528907
7860.117611257113,-269.061995344865
14393.659047184452,-2643.5074780693794
67357.50132025959,-1126.9573878858826
5034.779500005255,433.3584555289772
6707.411107859415,389.9869871183532
0.0,492.3162393130145
-815.1791473451304,393.9705319840985
-1501.3210201119798,401.07440276879174
7057.815983235948,85.50335392215236
15628.453806055291,-464.9017954094913
-11285.221729886867,1041.185202282881
-126.89035178910669,2011.1238332019627
-1347.6365937716039,374.3056970916629
18403.778283358824,-242.32690147193549
9074.822571140932,282.6891208590396
-8968.852446984249,837.4004126117385
12945.676714658002,-218.26450912094938
-8445.459949880096,692.3245977133192
1429.904728805079,104.7537466789574
-3989.8162059510078,523.0928058542253
0.0,184.9505268649826
8029.9599587005305,-1187.618911884724
2562.628449727761,85.77844322052783
-30601.98457346718,1907.730027006334
3459.619660791675,80.20499379151732
-1608.6920882891864,224.82661420894192
5373.462375799194,181.3823088302985
-5454.313859354497,755.4735498581467
413.23197535877983,435.2863575252997
-1681.616436851252,57.14616146678742
9198.662013212306,483.24720463652056
12715.74595882041,-96.81888742623748
-485.7417070157244,200.68950258970293
-9106.925008249962,-98.81155201675786
-7836.153398827171,685.2111999854561
-23555.89643764968,317.5545173466199
9233.95604556836,327.5371505969994
7554.067070570134,-183.5761577630466
8581.262676869892,-44.547863758743574
3423.1328939948917,1080.549169192552
-4329.6052604875695,261.22398478564907
8319.720987733159,878.5951212120561
4575.304926426334,434.46522092269106
-10414.451286737201,451.3205204669985
12550.831516256758,1116.425821818438
-1889.3538542767922,963.1605668500193
-11064.788569853785,741.7390575706969
-2840.086098948543,679.6974120052495
11102.430043444976,-576.679420428481
-2602.4530137103366,421.52877404305747
3901.4875896823814,94.61054979641024
709.217952847702,662.0843292251637
889.8477758627407,420.4925827801115
10443.622259801969,296.2143796241385
-423.6046774412481,839.4538134807755
5714.206780389958,-318.1638494339277
11306.355254424509,-758.7356915975902
695.0056871629265,694.169778003947
8947.006248490341,-621.7807167561173
-577.4772201149462,189.02693001971178
12183.967699941575,-634.679754236226
-6878.83330723697,499.9079234575358
-39632.24590849091,2212.294819545123
-10460.194087798372,1543.5024974926976
2008.8297440028691,136.7719929750718
777.3451058968777,427.28942165041354
-2559.7473780866835,657.6280199048088
41988.48583118041,-1129.180198822057
-57435.88069595988,3420.4146231552786
13148.371888536567,252.2271126074701
8487.521783598326,69.56539371341266
-14076.322478946711,1059.1935627451621
556.0092862828188,307.95048151622314
12036.584410263547,254.69258294991974
-6130.152586776588,688.6947784926455
-73386.77918435083,3683.598493099497
-4843.451231430885,-83.96921826472881
4964.94641236435,-70.67251849872446
5026.278147956714,74.15710251783337
-8568.95547152789,490.367324656873
10401.74353136677,188.3423379245614
-2550.6519734027806,780.331265225023
-3705.8951840603236,769.7176281584485
11342.672362803462,349.6421842163125
-7034.181148863993,857.277240082593
-28396.753702618582,1426.3125061850817
7813.357963146336,-327.44009757346066
15226.145025897888,-286.0124771066194
17607.509953821078,-112.52598044326002
623.1314907678164,101.84231357385977
53.26861488897705,490.5225044730616
-1529.6554501054777,718.8232414976916
-162.12391143481852,225.97482692468074
27016.131892934605,-355.7666596371043
39059.48996032519,-1497.9552606681
9198.61901079051,-470.4218451333191
8612.358279549715,614.566171901066
-3849.8774855017605,412.49590616586266
5504.83388573766,307.01319865209814
-3122.1408024399366,500.5496917304008
-5638.036729104498,770.2423026910487
-4251.533657653084,739.9790362677892
-2789.6554574134752,182.9022810829534
-51835.934818159614,2802.4719332911227
4858.913442630239,-252.80058792231557
-1273.9344624077469,418.2491398211458
16211.232793550495,1362.2957157097253
-517.5250179144215,331.1621987298484
-7681.3366302357745,857.1025362025099
23476.263702495566,384.7307906336755
1367.142706589241,223.24928919962232
-4595.41294364268,292.28801679290444
-3177.6044722196534,71.07160058814225
7141.533605560731,100.11974696482866
1521.9933881671714,1266.453289856143
-9033.016571159842,447.982233249593
-4276.801186976059,-316.9929599324093
5825.422549808424,185.75049043310295
12574.561572112367,-319.8227454706964
384.5546724803572,699.9557419110096
-25978.33053336826,1886.5348866678503
0.0,494.6908182113075
-6371.672119274906,261.7334658424614
-5676.1061870068015,756.4875216068048
-13593.411394399778,1897.6701599685664
2838.415588152852,740.1365062129753
-1268.8960296433036,-53.07734964080381
-9824.87166757483,1243.3306541748532
-8364.764098051044,494.8771828592262
10619.094485477995,334.77416941308934
3570.0543445596977,97.36322311074855
173.89635659993542,406.6836223066137
3247.364779256473,300.04603354124146
3108.5509669048943,551.3153686386573
35048.676280901804,-2100.4700884290232
21277.928882036056,-440.5238441583797
7724.9016446566475,-7.07894905046669
-6059.063933206562,273.1650766201983
2691.962949888877,102.2151662757825
-2664.842821771772,896.9753443543314
-13497.920755787438,864.8863739761556
-4016.0029919378308,1585.2220531273326
-10084.489647802535,895.3603266964952
17464.397479839296,-230.77596126613184
-1324.2326465515594,641.737033100732
-2065.214801480997,117.77421227736075
-8139.069212550435,707.4070344181104
370.7393022671055,432.6760616245117
-20947.865007978096,1511.9384994597629
5709.806549758728,1649.2521862202848
5042.964902276911,326.5237590606693
-13860.475409146587,889.7214175310587
5896.907824227316,104.34922140242308
-15222.032055794882,1046.3364030747246
383.6331827175454,312.740502317127
-524.886639857994,435.6896572532518
0.0,307.1877780153522
-12080.803524293433,1035.7786303373077
2497.9756101697326,130.08704466768526
36795.15601473065,-1013.6008156576851
29794.57550590564,-365.25507474885626
23616.565562263677,-395.6358453712749
3716.723409047472,50.94072170639553
2145.4891142640345,587.9102330835063
20388.361073031643,-473.02905418409335
2827.5214692332397,352.30880062993197
-2444.8613979691627,673.7102694325358
257.99227157890067,77.34394250579697
-3424.473788946285,199.46723785829792
-3946.8456998170964,625.0991486843777
-2850.8821442342364,1067.3491422405532
11716.383068919798,-300.5401004083148
4422.72177504219,116.46914479333229
-2907.2061201907204,418.309336211956
12859.709764979434,21.702883428879204
2160.755384603039,563.6192465535946
2500.9520803736373,753.6292622296106
-894.8332238757137,351.34908755711785
3531.388898673317,-330.07156420952424
4631.423906420605,808.9663419150271
-1174.2407146600933,651.8162647998906
15119.320321381749,-332.0460140273201
29629.614703007173,-703.4921166995009
-245.9822852712373,725.9909621992356
1478.3282110119037,178.52127148411546
-33995.91719354558,1701.7074723293717
-3261.3683049207716,554.9810127865162
9002.787581172006,90.80984970156472
-582.2248082793822,601.697428831697
-1557.4656994153522,350.87491043094064
15855.766499265012,-519.8408395816936
1167.568175100799,436.69225217453186
16202.720906859671,-208.3116722068844
-12746.426578389499,1432.974048151853
5359.424700194668,162.64837050724813
1319.4033713732438,257.638395566655
0.0,557.6416399168762
-15497.24434007649,983.4772009677596
-2678.5220301940203,706.7162522101744
0.0,250.4087596215671
18669.13187337718,-477.62986032287364
16121.21771346918,-481.88187268981613
2027.5892101735114,219.22878046142765
13218.789945776862,797.5426615267701
-34100.96987970032,2848.9873727064964
-6031.1541409765005,870.2905402973803
-234.01746872137275,376.59306839930304
42433.91870765802,-485.3186246914327
-19424.854765683966,1575.874142647851
7776.694487215844,684.8711785407822
3387.404117957356,-117.17415853435887
822.0973941988672,449.45967491364837
-15683.549730019895,553.7490715535056
16610.98106912353,-163.8631562691086
-12011.307100268392,1047.8179906123698
8321.584544636813,293.6044192629943
17293.02476940752,-119.63272550018003
39.738104142801575,28.602216844041322
-3575.078953462987,486.3477364339762
-55121.691565082605,2756.7316510875535
624.566800638191,84.4578644651776
7772.016010449115,-308.14759078215155
-450.39864260285697,577.119185096771
1852.5211881751407,93.37853395701336
16872.453650637744,-475.35313631679287
-2897.940617012518,664.2267284425819
16736.0220317389,-209.07440761655002
-6027.2541178199735,818.0170277472334
9692.512227209338,458.46410865719025
-7907.467578877749,1394.848421872971
-1183.687120952031,348.5612292886346
0.0,372.12061595296694
-164.7567303184334,550.3216506240682
4633.583625790082,262.21827494661966
5114.081812873668,-357.83316492820114
-4798.120364108254,615.6032894765473
2713.601329947865,350.0077624501717
1944.8788708046916,53.041399063226436
-5343.436899574393,655.1818495642472
-800.7884516798498,96.67809027267877
-10107.767812032787,285.0118088559473
-39800.784068588924,1461.7077279893167
-2110.3652497450676,640.0917995309844
12371.857516928443,-343.99513988364197
7098.15553261121,670.6002852789333
6125.6410376552585,209.66418756740995
-271.52199376079074,768.6501811194858
10287.489833212834,-400.4331352594406
-1191.2426470374342,485.3512282222907
5320.437569333406,224.9816963441514
7369.303701501089,407.24947915621755
5478.267013402105,367.72834018558086
9839.13260211771,317.0352803634492
605.7057548706416,255.24740086770018
731.9350356316281,435.7934769697965
-206.80209598473454,257.41535029991417
8060.433327241582,1240.8597391810617
1120.2781685590596,107.64074590924065
-21460.71783857522,1516.6461075457553
757.5939042925766,643.3478676379892
-1712.1060438766851,575.9188168167562
-5364.785976893902,428.1704928954666
-2045.8844828860317,545.6771716180596
2658.5830431940194,117.46410706495423
-7559.91432665905,596.7140647435123
-13367.24515510085,1342.0324583663096
-2376.2685138854886,559.2020139902523
-3194.0636341997515,486.7208017268752
709.278634027366,526.6493373960642
-3406.1858271408314,468.54534583836903
-3249.830194176462,370.632490071214
-8116.604717254589,652.9990397130993
7087.463075871237,-97.43138462825664
-4583.122958281441,697.6730466962032
-6153.224751184933,892.8653663447964
-7138.117766625067,873.7995673924215
-21659.940094319147,2492.6572952514875
-1612.6962132150916,363.06076024656113
-9004.562541555031,901.6931279375362
6625.70861681982,849.9182963274358
-376.4787195259141,547.1016490493566
-115.02720129018445,587.8221133597339
-4378.627676704129,595.2773355040248
-4261.047045519978,147.10787924953954
-2676.77451486198,659.2202640568166
4631.155010769587,-176.63378998680705
2068.036289020831,248.87689757104351
7627.9631949256345,62.50668489998634
-1612.7980096083486,346.4842237648989
11276.370836948836,-1370.7303965744552
19297.67092324679,-386.11654934454026
323.2090536517935,318.527319540705
-1761.395910843639,383.82289332570343
12568.17089407889,1221.6801082416457
-284.96314006477775,393.2003068296129
-36583.0414945076,2268.753936927525
-2042.745934700864,557.8759595997535
-6663.083289289232,838.8038242991048
-4372.882645769951,603.3951278504586
-3185.0097692475238,270.766317252684
1266.6325568268921,154.27276659528061
0.0,441.5736374438499
617.5798311441121,600.5778737484674
761.2702740256503,34.04132280448605
-2584.143834504887,312.93862127540064
-5666.0797383427125,13.405191044918562
-1026.6482216213626,601.7338234743069
11171.024554548325,-69.31502000516498
0.0,283.8689611023356
137.30772949948695,504.7746795935298
12130.370640432146,-18.54494909728525
2541.726112741541,168.13876662905355
-8458.70376028387,693.1145576180053
-5007.7129484985235,442.32842025745623
23233.60743318808,106.31175880516032
-5310.640007862879,599.1948806619849
3190.253971792297,-77.3886664723398
30317.784866293325,-713.6567286457306
28981.726539601583,-782.3330104344627
-4261.206784603909,525.3603396184811
11161.9481945697,-582.7126053013659
0.0,459.52114301592536
22364.574093855226,-1063.4884298583836
-11700.37382922131,615.2173198533458
0.0,437.7650241070076
-12572.361386612447,896.045552375912
12811.226851861882,1001.7933572169292
82.0019990685687,440.1421028375985
553.4855140638683,639.0593441412717
1302.0669577377073,361.48837388997293
-6075.704194842941,333.9237906913394
2913.358817479557,453.93993634175337
15513.65137242384,-300.00387947193786
-243.0975558730708,599.9557843024928
2872.1708750994085,734.2925389863744
-34289.43244391318,1862.784821163641
-9427.923325179752,405.03739405707483
-7776.979533586884,821.2631527194148
560.6267696157156,204.01211882041616
2310.9861827910354,499.4827458472758
19799.484573596605,493.00919200502966
-3181.3834521525396,398.67084385003136
252.94680625968613,212.08484421283512
-11437.093552192011,635.2047335888838
36456.178890494055,-1324.3474867679463
-7.811994610312567,323.1117307498599
-15405.779151440207,1179.7210566077406
-1422.2835015339078,268.9213910310284
-895.6274586748038,729.2201613771526
-428.295564141135,507.77855956357763
16268.442001872525,-406.2998516488183
11424.115929431286,778.7206971783908
0.0,284.89177747225796
-1380.91725693301,157.1245663898866
2948.180397250594,471.3722742230314
-4960.721372980775,560.9347775117775
-5205.536848791255,433.8058129116739
-1709.3127257215601,1022.5709827737243
2112.207410701225,476.9473481254724
2550.9367007767373,2.3330840312846703
-16103.063860669046,1668.3486459983815
376.43075702268106,323.4614122031732
-4708.428214953165,43.841971486250635
-4873.098592833525,27.533382149054432
-4578.061251511601,721.5087324916943
26075.18764581966,-292.3739225176946
-7366.573390883004,464.21171872405085
22426.731442416356,-622.7175606884081
16023.960364748935,133.07279175451853
22957.140882535077,-423.07617062749114
631.0779091405891,693.5062871702271
943.0211283143528,159.57396006935173
-1534.2700023160114,505.1897384279818
-1598.498660208352,249.74793260875535
1078.3551187397848,489.9823140856062
1331.885357561775,413.9008990027001
-6226.954277409117,1334.9904261675667
12007.258270801636,-163.39875712800736
362.30130252975397,-123.54620989102507
33.881064300254174,510.122837285159
-10599.462676063178,423.423842555883
253.81387624792117,621.6964126852359
0.0,450.2967722075452
5572.028130312369,61.51166732217007
-3548.793324963941,1338.0842034460336
8077.448154290455,151.78317279370177
211.519556910338,629.2608896896701
7252.459774332407,129.85418104311552
-1262.0261862831396,367.0410740772125
-9210.906546537735,1035.6958576595537
-6551.749913408957,703.1673627906554
6532.950015908354,494.32950367224953
-12595.482700554452,1077.7320440718977
50.24416408582999,395.43398142864754
14109.353285512909,-0.8985315487658075
-10850.632307537657,1084.8183026581657
5109.419210553374,79.35415595739202
-3219.0977494789295,389.9047731740852
4039.941852453179,-128.49096911646296
-3782.8674976046236,633.5275063246868
86387.90076272597,-3538.5052290172193
40449.984136350744,-256.8299171091536
91970.11625523766,-2636.2318280684553
23181.001479585906,-385.1636988190594
0.0,327.6413448964534
-7659.859629978592,800.3890757453255
15457.584233200203,-95.85207664335637
-275.50184701581446,837.6698431274896
638.9123951255002,10.720702020611043
5796.189272909768,-588.8317400057784
2864.6605435121255,-146.36901771509466
11866.801616855044,-445.6031017894041
-1095.4410598476038,581.6728943921262
-28705.919523543005,1312.7138010765239
48764.5351717605,-814.6610162274832
15861.78412171385,-382.54145100139004
-7703.580708932239,-567.3492124949653
219.92637093126976,-1589.7308349001812
-506.19606315167687,347.6058732782746
-1068.6993646907613,289.3718011680609
4178.192534937284,921.7110671072772
-22076.353780649766,1768.1225649501596
-10687.531378785194,859.4269930970919
739.3543159345863,446.72445141171517
44890.66788854173,-1296.4764269211403
-2206.511627733182,-210.34651296952174
10668.984541145292,395.4384653520959
3551.72821521002,169.63577148802918
-2521.2542591997817,1052.4200812210743
-5278.737443337295,569.4325145459615
-8766.623912365503,1446.2312494557943
9636.735236498502,37.917372271402805
-307.8343927005916,219.39049396198712
786.0822063234956,343.09471077812714
-219.4294997942488,699.0639133068325
-5717.876594872956,1126.7730165747068
-2665.2902154064404,412.5288893357274
-20791.901629251697,1836.6248206917041
-70648.97525005994,2795.998884939099
1441.7220807462872,239.78027388617087
518.7337931810034,131.82720007759337
-7245.0013211181495,1588.6070511905189
34928.99396342308,-1069.5695525057483
16968.69836992042,-1636.8161477022616
-7361.349552146852,535.205456387046
-3079.043111253543,351.0703927012373
6020.193082326854,351.9075936771017
8260.331022507167,-695.9366793651938
0.0,509.1264023017784
5768.330280583392,-52.38447860246174
7971.6879644443225,-10.871467423973021
-7415.514588564326,502.2301947359286
2713.769052173835,219.23628589271388
3628.9152512081364,300.9509774918424
-1430.206888086086,-67.82830871057406
474.12004978139885,245.8894677732571
-2410.308193832165,593.6703887515959
24072.833234870417,-276.48077521300246
14426.35881156748,1708.9116429818835
-7028.503916983644,-264.41011444642226
18558.1249154258,-411.24142304919104
-9440.490812484975,1244.0776994228436
86.052049856439,467.3330352419645
-3944.8766015320584,902.2005103993324
-15250.495030812679,768.9293937145499
-8622.419512356568,764.5920098989595
2513.3071718321544,137.77365026406065
8541.689744315732,139.61673439969886
10395.873244541828,-204.2289520044469
6443.318321383607,335.14764238591005
-1554.8702229244373,355.81865394590363
-66359.84639099307,3278.102039543
195.55931256965619,402.9720008163868
-5595.342086849603,312.4931186402637
-1148.7647274272747,184.63234009660957
10700.032118051136,-365.74762585901243
579.2116275913886,-157.64462880901706
-1229.2116630719245,711.4077112135268
3702.5615734390603,298.19389181893524
2597.158231585911,474.49377310225947
6023.177066086253,1419.429866413788
-21235.62380834324,1026.3642773525098
589.3536078458022,222.3803413770676
10061.95538211254,-343.39094537004956
-652.3278848011249,227.7883093745295
147.9150483059921,556.0964154291106
17676.749298879156,377.4973146953551
120.15733334147322,288.63709309641627
-28782.48558885041,2008.6591057488222
16520.99994809839,-2119.013452568408
-247.7656501035962,800.2381912267401
5765.547480268936,288.77443202431124
3310.63577514837,62.403001781542876
-31389.31639490394,1060.6791418254068
333.30547787864634,514.4359492675954
-20.49570118397239,192.9812962287016
-2700.7395145045693,535.2743531983695
1588.468659891679,-551.8127296584829
-2786.183476553458,719.6707988338195
-16440.943903844207,847.9148019410937
29595.084633687955,-1079.4278589618377
-2561.6230157595096,563.2930968072947
72351.93164110596,-2114.521986561225
-4342.680214174639,586.100262630275
2750.522690396936,341.15749903815714
9191.648439057302,-527.3320993428388
-8774.264341331054,599.1664769474122
-3551.987231129025,839.0244250633355
7180.154684209106,455.19254432145254
-16379.60995950702,853.17409003769
41028.84970817114,-1618.4051293970708
-6055.095059917097,624.7423227816569
-1665.0584942939154,825.1435876149852
37.75250234725536,338.0008807971072
653.866056102802,389.8322271245131
-2421.948082470163,-90.15470047349474
1638.5289329768425,603.0523892671071
6359.235296033462,77.84059824556259
0.0,583.5280343683831
2200.200295458707,-587.8957488685992
26478.205353998645,-699.0814657659672
-327.85846608513384,279.8521530300374
6050.231200870319,368.76162789317505
-361.02694003401183,548.4610351046368
-14838.180650214126,703.9589945262102
7287.568956980903,217.54411057804586
-3417.5131560968753,422.53810887669215
27197.36922566594,-580.7876576456447
13592.471438446019,142.18083923509934
-428.78483619711625,396.86484042302874
-1947.3452898381636,-83.99463289250832
-4610.699545262586,445.72130472018824
-3433.7879519301114,678.9217235999693
13307.981569193566,-203.4729556097944
3551.9934500993277,-8.076244648346497
1270.846412453686,603.6111888108186
4296.666163517731,-78.45007091230643
56410.97227660124,-2430.2794727105816
679.922633691767,847.7416153496856
24976.323430529694,-388.8658098258996
-3678.627611090246,1390.1648451987942
6606.820962347333,-216.68884574472455
-5857.202300963495,726.7466180577985
3754.734731483577,74.22407003123908
5874.378504114911,33.67962609296986
794.3012979616142,638.2417544124564
8073.0930511062425,156.35421239262266
-563.6595363676018,306.3467700809546
26145.564910405414,-764.762508409615
5015.905929678634,490.7198829061624
7623.103330977234,40.575103527224655
-3894.6566523595625,820.8851762159802
-4064.8260714225175,740.2456296068103
-1204.3175380784694,271.7510120995489
492.0572222428018,96.37702673748595
30201.30686525989,-855.6136555656207
26129.72106682215,-735.7619611065135
-33713.4036726685,2378.2225497104355
-21093.856165440993,1085.2711477170412
-1047.509501410575,363.0157800293182
10018.28352160405,-9.09656361903823
4283.259857787874,95.732940948107
-710.8063979000872,1002.4247249781253
-10504.762443392348,895.5651116790615
517.2414934735592,42.946756032094335
-15256.940807550922,909.8832485603588
402.09729653169023,296.63816462962393
7702.552930620968,287.01429099028445
-2347.7907665484377,428.9742375291515
619.5922600514119,462.3078452664859
-8096.996429178996,961.8904630517396
-983.8618246491749,236.54305420924524
12945.07679155039,-132.9301991509254
-14057.233972939357,1273.4572712792112
-7587.563798709443,759.1433095706915
8780.04745539797,-120.6884158791939
19131.464197396184,-988.0533343651908
552.7688156434014,320.0447739158637
-18210.08608083973,1257.6271002551985
-5091.581131540274,153.85556741816754
26310.134257724807,-272.9466210698135
-29796.462627876324,625.8481736639166
-3786.8648972551746,498.1947008523639
25120.547914684987,-405.9138232342987
-1500.364148816443,638.2184523820597
10846.532156998017,-323.56553994639256
-4671.726780924574,665.6235116998628
-8621.198750812482,376.90142333756734
-6024.254809476316,662.8031128238346
1557.5915249102402,561.7283615258108
52715.21518924675,-1963.5773898110886
34055.15907340372,-1252.7879926566814
-1019.2902720333574,322.3911461193523
-2102.3107105046656,424.0618956939059
-19445.43397639577,1205.089842060702
-6813.962138738323,640.7498066268442
32080.80124578016,-1266.0762032222913
-1331.3822725274078,382.45182144267136
-13.036768920210273,506.89464748093843
-145.02119096300282,594.2066457562426
-8432.739634291522,440.07997626191815
-11579.543809049284,503.6518458112251
14342.341978540444,-204.68358932977685
-84.45745323165298,412.44293156036974
-11271.241079852729,1171.2858616489614
1335.8500550932513,609.7369871681843
3476.9365692947176,155.54318550754888
-15867.01322945627,563.7558784190203
-12918.798106851864,1444.5603786341053
-13252.130636786642,904.0329842797063
-2499.7366143879703,858.9417951952397
16913.55536615905,-447.7651099707321
-17397.10927198164,1521.6001606133257
11252.568426132122,-802.6970619294125
40941.407990502594,-885.5791172648692
-23838.638518037762,2186.0332779849364
-10.622553293583525,194.9862040869907
8190.891217387023,248.30651590096014
-13450.885321476262,1006.9646494601593
-8083.1435971694855,-85.97387784852299
-13545.21691228436,975.1648077272247
-14236.477740247958,867.5191061427707
35984.882900535704,-1900.076367898709
4286.928125925101,-40.96128115776954
-4789.108569626335,307.7431750061435
0.0,709.5522126000382
1554.00504471109,394.4094865166558
-549.5501436828928,235.03842307559748
3891.1882646492013,156.55447838429055
3049.052676858396,-392.29620303847383
411.28033320093226,377.4570317667267
-2735.1257831605567,549.1679453787617
835.1756592894279,204.4085516381294
-3288.483737519411,480.75246719453554
4017.303396903891,473.859679305559
-663.7907945032899,146.501708934746
64175.052198492,-8.317125048328004
9307.898109626869,550.497701515828
5277.677327683405,598.9829779215193
-4903.986704282991,648.8328282205172
67812.4196083472,-2980.911555928132
1084.5276273810887,99.8984585508922
-155.1796889590622,321.6785767708259
-7070.412232011394,-192.09091116606305
27767.69659485259,-663.1048624128467
20201.28960279769,-650.9770581630147
-5963.361429523248,705.7596926741062
4774.086290794657,178.1718783615418
-2014.7945255082434,662.5843395186745
-8177.578455723893,197.19762600642025
-18.046293426130337,434.54053098397964
3658.1371041543575,-115.32738667046881
10971.616584200177,-173.95706767772427
-908.4260069958692,574.8878568227055
3211.8286518113778,173.07499013775546
18620.70377992258,230.81270847829066
-11988.893909380333,1276.9003515102497
-87.36313026964487,495.11438292666816
-1120.3836428830782,227.42179308728888
5245.598048900393,160.22028915298208
-272.1582398477995,264.22569342473577
4561.841790387321,614.9566293158887
18253.6379101626,-195.1224801421598
-22930.927899859,990.7163174383194
-18358.14310248048,764.2460474388139
1660.8702492543457,-5.662925999881281
254.316565676306,517.2342810723627
5329.937088925419,647.3443483158492
8634.08790686586,145.46700470334932
6444.418036707177,233.29383369977162
1795.2365638900635,110.24258980157606
41364.151636995855,-596.046627079535
-1522.8449478875773,698.7076332987491
-6793.305242213837,-1194.3133327651385
0.0,293.4290471108959
5266.8278497252795,160.33137347574575
221.38832589282546,449.70588382975865
26718.194064899235,-791.3284718549208
7532.366087939084,275.1437428251834
414.6067972222145,1653.7829578072553
-18481.82497441598,-35.44997230570044
-15398.246139499954,1249.6236317026553
-80.7973083715623,418.0928736302126
8386.299356280038,91.48656647800938
8368.344697666496,-239.51524595023866
6207.8478001375315,137.74797579339247
745.3962713456568,655.7232697943487
573.0924659244339,425.5727814215509
7974.3702621725415,-94.95421715007433
29321.690487481028,-1047.4267715390085
4408.016081988032,180.53293409060598
-7058.67172607478,342.71109650534464
60.89409840204829,653.7855587611191
-29050.95719825575,1416.064240565115
2546.8095725037,556.6479747683119
-96.64338268159179,400.3007274272081
-81.41070731800693,412.0666821359198
2793.4717729062786,494.116495991677
-3868.530055375146,284.6085543363162
7742.985013823881,764.2086647263828
1142.5795154731477,576.9978282675457
0.0,363.62285446097104
17743.973073155248,-26.01978239027566
0.0,493.00534456279155
-3110.332576902552,998.6297625978024
-135.14442551496896,503.94638617750644
-5121.010071808046,568.7489862272106
-1015.6440008893841,-191.37132582292497
21193.06433181908,-986.2378216299057
-19194.35594499178,1403.326854208808
3713.3941466886176,269.96407393447384
-324.96128919739573,305.39262061510107
5639.562669425151,635.0686633123761
-2621.5275496024315,507.72282066553436
-11888.200006646004,950.2779460523944
1043.2592000311708,311.3918366028631
-2980.1902369913832,399.6984344864213
-1936.0729629729192,716.7030802828027
9955.41924795878,-117.74538819810125
-3805.3362998955604,185.81024117427705
81.50701696843299,306.77978693496516
25524.254390380946,-1465.705508335459
1105.1811749559754,269.2945566373828
3347.417686501445,379.50452730327805
-1669.6537759571145,742.4170752544647
13313.400203221909,150.26809679983293
5722.71880292557,-28.906539557441345
-14457.994156928264,646.5465880991845
-3879.9368065385183,256.55588020299456
9605.897941008356,-35.302652776597824
11192.309481301167,32.217878760135136
2165.2955945428707,279.73208466886734
3146.47628940719,535.7774543047916
57718.08514174855,-1106.0126463617207
9528.083273881744,179.6711182388908
62.90873897148258,185.76196195856883
-2154.3943832702926,529.0072137461611
9459.735912043634,347.87316222998794
322.5837307476613,714.842112207018
-15294.978145020612,884.8091560521019
-13887.09592174119,622.452930437721
474.6649100042023,144.3053735451887
-21724.838508450397,1369.8338673272792
1088.5424031084867,472.93313348366854
-13793.812225032105,819.0782380193382
-2890.950408233794,574.075135075435
731.524049941072,343.58404012310467
3823.2542926200717,63.18960772456618
16430.914492652628,-263.3768042780509
21933.6923290304,-260.68651561605174
9267.634432307015,-478.37314053867914
496.97963959603067,765.394789898129
0.0,462.155810241742
-2056.5547752533166,433.9717027165187
-2874.3489562864734,804.0186283092098
-43701.38961505532,1887.0376078392453
5272.303086520802,853.3382311493048
-4439.34056793354,394.5059698262133
0.0,190.55060752284666
29111.767549476248,-1242.8705928964193
14293.321533846063,-313.90331254168905
-880.1907558362325,958.4176103609674
17924.35627653774,-64.1176871911395
3022.9035732635357,605.215201449633
15452.778132437976,60.14059113638348
-12197.88309367498,1934.0572394037463
10468.79052081852,82.48455252217263
-17109.857278697466,488.6782696771859
1384.3627174617725,236.64005665052582
-1314.099593016501,317.88299656484395
4033.265363302494,588.8180415840662
-19580.606988966734,772.5384382222361
11632.643342173322,-655.2727758485637
-3606.2319691915122,420.4389066416656
-25515.425865722143,1397.4173701379077
6662.79166537858,138.96467625188356
-5127.892088579463,610.0715167389178
12061.089121498431,-13.06177187342117
-6747.144025151385,712.0727874029984
2242.879027949166,438.7610935675539
-976.4224861629837,555.1386309013402
29107.114097472502,-659.6201068685501
-7639.571529973493,826.1523825115659
33763.28387010144,-55.59115410800192
-9207.356727292012,843.7265058263691
719.3120159873071,253.65839888957785
-33252.703803220575,2026.2729368821701
1412.1464997342955,151.15891563841413
-7805.315669066343,877.4790148830012
2180.7405068735047,623.8876828502779
1887.5107690669734,906.2969094713557
-1153.3508373315703,312.765678637717
-49.914558724171165,665.0043094583511
1704.727270475003,322.1373849135039
-1878.6530483342592,384.6349566569761
24757.15038066491,-564.8990145988033
31757.68999953486,-1270.4888003577037
-25.950956620290526,518.6025199199725
-3427.640285640611,740.659992423272
8500.93137022809,79.8830718993416
-5365.680105460055,591.6413222784267
-13336.5926530594,933.7751131856458
13348.338310348856,-37.40836306288702
-970.7843614987821,509.69232417980356
10388.737975815207,-140.6335114874099
-30571.005419818444,2064.8455051099827
542.2572732854464,508.2443876663028
41839.04972969926,-880.5015306152796
-9019.983211300478,1462.9269232717197
-8679.754058389235,619.7068591042403
13633.811852782572,-378.5851616257581
12535.813181498153,171.46082483333507
12753.929000318965,-45.38045729459486
66046.1149989123,-2702.496655872923
1061.7847990905825,605.7354114277626
4716.269174139696,340.1740792560269
-76.56633848188818,637.7596505246456
68388.65858002282,-2132.074452145141
-689.1622840622808,485.8867646729923
419.6888330398943,76.88892605427463
545.0966297933659,-6.4889426401984265
969.5048672167737,429.89553467605646
-4096.439103683098,644.2899547497655
4013.368704910139,444.78057756137054
2455.9393178032333,170.9108864441474
-973.2253206011953,343.1972897735498
-209.24545142655603,474.5086156995858
-939.6403391365933,84.73540339669016
7321.270774838009,-267.4976189164402
1242.6952395594465,442.37146016625206
4829.4712485497,242.77988209746192
-663.0480033118828,280.5664539326921
-21608.279273280496,984.0995035893444
7684.166618299646,2202.0168953114485
-8950.632259024951,823.2502653343378
40476.69848401965,-776.0780851422678
4414.643522580528,261.6805893320033
-1326.3931451262367,363.2370345376116
-3418.316002236386,453.91313992486425
-28627.94656459521,1950.7478691763656
18821.999849169053,-202.75034128033803
-21055.922826319853,1050.366747396706
-6207.848286147069,744.9311100307523
-40401.07633333522,2059.7703353761285
-455.75637917181785,402.0934554729715
-4709.422241710492,328.124786465243
640.3668966658879,163.39123053254093
6936.195754358077,1171.9911006313541
31597.9003709216,-2833.785803133651
-268.6056605138593,833.231304452904
-6311.823900393283,400.2860602138996
-6013.057634662128,456.7266383153219
-3140.094037419822,1320.0013823776312
-3544.0467459641145,21.24068834375733
394.66736946167913,433.4395017010867
11518.98307146244,41.576872514270086
-11082.06646834632,1206.9412933997453
-9892.48776772214,272.40495812580446
9355.390110366969,-188.65712269441414
-2546.740274813906,507.7805281021765
25616.18568007771,-997.5273906290871
790.5713343077755,326.189795603761
-17623.802121885215,191.52024707370356
-16655.495481906895,1168.2277853395744
-7146.463509156209,-500.95284013897225
11692.679756664631,-110.72947924881548
-1183.9489692249408,510.5616371358279
8469.622166700161,323.88274245775057
53899.64825002299,-2624.2857138867553
8144.654768702402,76.36879741113141
161.4093360482032,-7.392455047502001
2835.7793232011118,648.2951628403288
-7907.467095510614,808.5509813016224
6140.582997323031,29.372727378807514
-18993.94603948834,974.0033304744658
4650.214719502753,528.1454211833642
-12373.525739225053,456.11168077726387
-10198.734557498241,880.5382935354231
16129.094103076848,-1236.027904288015
-885.4528905046442,270.0097651585763
4900.461380349597,823.3476383509848
22862.52865802925,167.3385256395486
1588.4739513077038,286.5103443105525
-343.8413557608583,499.9994268091214
11834.098707501496,107.22878368325958
-27453.475741167145,1499.4532986187405
-3448.583918737487,586.7204354298738
0.0,440.40323053103293
-38286.63322346208,2248.105256904511
16642.852427493577,-1845.9444962704913
7805.821264121405,-190.2540578821701
330.2498521762256,767.3853176875624
13147.406151461068,-1460.9857087986995
-6489.129677184335,652.7886341463864
-9094.689096872647,686.6113874864619
-12405.918528229751,903.4606097025827
-2911.3553980887373,512.2807989889478
-3604.505099117164,403.74609744446417
-5380.37279408527,493.95697383227025
2822.3382888409824,28.59571058588199
-29071.611004224476,1864.4580500406644
4342.213717701458,314.27882399448373
-4505.600971118359,930.2058316669958
-387.52228738870787,614.1255577035344
-3604.1605780302016,657.4598741003891
-7654.344469142241,954.9967174646936
-16723.819595806668,1094.8546507962394
33924.15928396484,-676.7454213189005
-4831.936290471617,739.0613397708024
-12886.337264761645,601.9615960099833
-36413.25037015469,1257.0280250277874
23508.4081555663,145.71829064931663
-3713.4830120679126,748.6432912699038
2520.708249154486,110.21922288491835
6573.399457020743,269.64868400652057
15796.560709481844,226.6143705848208
7453.347112718876,-488.78137471219907
121.14886697364271,345.72387594596165
-13419.309529737428,1333.394788482805
-11534.30761514458,1005.9002892182128
-2619.2679327150304,-48.903978446117584
-13560.803976492689,838.6186535854368
4024.9289281146775,-191.82777898978506
-662.4379961772431,257.6119564476083
13829.671056900843,-313.4290791087454
298.2732868697931,289.37446122694377
5777.388735849099,339.66360122193026
-2337.3472552733,680.3335333513159
-2551.514610347629,598.3846860065211
6374.6253931457595,452.60736796712814
0.0,714.9431062042398
4602.352948873144,155.54252359849912
2870.4654603296335,195.28240189785583
2765.0354598756153,195.68391822689728
-4878.034330423259,674.4995794662863
45163.45156749537,-1364.9176082158062
10426.712647177026,101.64432757400088
-8263.191215672809,1082.356457956642
-11339.435753254516,901.7173067907
8179.347364345954,233.08714075675456
-17814.93240925506,1187.1965587034126
-5265.505415425334,693.0399248897702
738.7483874857387,-41.86549512909679
-8309.821729574487,607.6352815955712
9995.77365433898,-146.19343991106516
711.667739903314,621.3964091583571
0.0,200.7483912896902
-14525.346722031602,769.8817332036466
-1034.49166605217,315.569112162455
-18390.472633411282,1749.4448287746252
-32452.563185022867,1776.6215167150767
-7406.462897862724,430.5321714837403
92.78193655976796,197.4948165913805
878.7729116441769,383.23987864562156
-2368.67548807826,412.0823355014058
10403.349371018781,370.22697178738355
39973.571851748944,-407.2756453142202
-4856.321568459212,392.66832696579104
-556.0635180320763,189.9133549099071
-7529.649680824376,958.1235124478129
16160.38339612357,-125.71136538608182
6445.021088671512,1001.213309098545
3027.1145187889233,517.6283771391571
-9163.2610189591,496.09123917956066
-2576.743801475222,357.07233861305303
-3881.9529141449216,732.8805124204949
40804.11388966504,-1252.8614297882095
3606.444515975368,153.94111084285203
36460.31748431015,-873.4474242592518
53951.09037494148,-2259.7482803019393
17063.147318307176,-262.67544235745663
15102.627114176774,-221.3698129956646
0.0,299.84772847135855
23693.1148151492,-404.55065940526265
-23978.827945840138,1244.2570249088092
6131.785996944449,269.0710000499967
-309.8253820478567,552.1511860109899
-10733.133695350403,1223.1913047488251
-2923.9343935943475,495.8950296097866
-3348.3992880604596,472.33957085741
65702.66716582944,-1325.1052639077982
2691.67332029737,260.5369126542103
-3642.2569617620466,439.4636522572009
-410.4917398815635,255.73050392288187
2177.722982883041,464.0232089065706
1058.142934000454,235.48835817331897
-9050.44524237242,1217.6115546931967
-24438.357158382303,61.09632286123443
3239.431802596673,-78.83505953133727
-1180.3867268028407,402.9006669060206
-31531.542533955406,1960.6802269487616
8665.735136910056,-33.57495222142703
1569.3092704701467,745.2636824744258
-569.0755378958712,504.5730547912578
0.0,456.8372049005645
-2446.933419272958,379.403997862321
9901.19555494243,-133.67801803316556
1873.40222418511,592.8959828525983
74.06462854397233,-257.7185076154645
20895.80285246898,-35.76350416372202
17459.21729935096,-103.68094742443145
113.9490418046779,656.7627699268209
5226.163710192719,104.64384477402761
7187.070176982789,-23.92561846254686
11299.553854723825,-158.76066775097692
720.0781156262217,450.1402377750928
-503.13870133600756,611.2747777068898
-2812.8644931689487,834.154074829101
3133.6966943140583,-71.27985685671297
-1512.8910917962912,418.74662396757395
-296.74388933413144,671.7014698609408
-2684.2417101404158,555.1840975847922
2563.1317884892005,236.8400234388065
12166.221803248354,825.1734889342678
926.7774915435451,304.9685869974892
-1989.0061735326508,587.5068026103646
-9163.95733876249,1056.4220713711761
-3248.3876283969958,365.319000183363
24363.20131897752,-107.02073719302568
-285.93916611283987,256.5572372488694
91.41346428139974,651.1759783165845
-6712.67664478514,706.9420297621706
-8816.210943534,1207.1903223357351
1393.4363818455417,527.4408435112208
-3692.3736596169306,-110.5207632496788
-12960.847550357134,823.8992736070595
-4550.3344780512125,-167.41429660262102
43269.119084746395,-1523.6309874820333
-4550.48526045256,418.99345772745363
-1158.694255949053,528.7940197576681
0.0,229.11013710791272
-5047.530950110365,580.5474631397551
7680.1093734260385,325.9062581169548
-939.1214184007406,462.5109601726372
11175.562037707934,-489.2166040179145
-33689.21659966161,1576.263653993543
-19933.587957751926,1323.2689250483738
14788.82985014788,-54.592485934308264
-9724.471099820938,646.7259967425638
0.0,281.16311201454926
5063.655475928371,397.9189601683341
-21263.325400289366,1643.3893008018294
83.73922773227972,472.9614671421893
1526.1869850251821,223.61421075833937
-1669.5172967482504,560.372326722725
5385.40710416255,-201.86188209883403
3183.467159781159,1141.159658480011
482.1795313420088,323.3837331830993
809.7683224429493,280.64589215488223
-10049.461856881948,339.8538396498836
-9322.573514439437,645.8958527887588
5050.849090250855,129.67304695556913
-10868.178738143697,1008.1809613253064
-20182.652157379667,1001.0827971679497
6417.463096788038,561.4891230754507
205.40675949120487,475.71543504953905
-4632.540232140516,357.8144073598901
-17257.412450857588,2047.0451642652033
33037.71484389913,-1315.9630873379108
-16319.67206325006,733.0931970103939
22485.694966003146,-595.1990340827139
-4327.49314896526,955.7917116211739
8861.042819975944,755.3818207980039
-27149.749783713964,881.5394153574304
0.0,312.2104717530818
15691.254018939218,-501.3211696225826
-2191.211150734016,325.2538369346337
-3348.4706193537263,468.01348693871796
387.4808283003167,592.3338868242379
204.2322462436123,277.0116189797657
-4808.068525164237,384.53165881600677
300.7120583600336,738.1326252550547
-7208.732064015419,331.4995858660022
10166.124917389681,12.655302441651656
-32940.200979514615,1812.6095154586922
-1070.7759537904367,425.26854934235365
23079.70698138822,-742.0941165284081
-4559.8233150248825,1196.653942751249
-1740.1979689934622,600.3813835988382
2013.8593697192357,446.37989222832636
-20229.318703547673,1716.2053762774606
-9710.658689497575,545.4453327101293
104.84452866190507,411.2982732900369
-10744.066493344035,838.9630557014916
-17424.991557506757,1092.6156559313924
-488.78179099588306,648.1862076115818
43940.49434688038,-1407.7121161927425
1175.906683520397,441.2870675928438
5876.565169234936,452.06244011730763
5949.455605735722,207.55579044679962
-11399.297564975604,1395.0471083223663
13094.85284054858,-373.2827165089295
2086.637810138116,-290.15187393227734
505.68889469985123,349.76595781828456
3310.9928703539076,759.9697923530838
-4157.578010519293,619.5360305686924
-4859.499337189911,667.9861531719016
12318.317214225872,677.1745717787486
-9803.830585118447,1372.2592752471412
35080.834305809614,-1017.892200514369
6619.514790291987,690.198346963813
-750.3000685474626,671.9026757282721
2427.595998666016,603.0909990090848
-4606.840482107202,754.7104785869301
4286.359599151199,45.473094525929504
10299.995577277596,-941.6958589674626
-18526.21551845632,886.4511338308995
-447.43418220397666,181.23177618472968
-5144.220885344302,692.1888723503456
-1289.52333752642,1443.8653268552237
-1818.5428566896123,382.8022775116462
6342.929478244398,65.86167238492605
-19071.17097934853,1862.7984374262462
10014.247314080318,190.46382066750934
574.0626219538086,246.15136669166932
4355.478754996973,-159.87614643702076
-277.02205643047625,446.2190568905389
4006.786161936131,232.69284732988902
15996.926419664276,-920.2002590331964
-879.6479871445264,1755.907034671037
9034.993679797473,102.6422731919641
-7544.326925905883,273.40934487616573
18433.90682329168,-626.3491623496029
-20251.699448028638,1475.1244732101413
-3859.139656442334,609.894141365959
-1258.1780428708212,690.9262692064913
-1804.9656444743812,435.04023872698616
-43958.453797058835,1954.969500164105
-94.99881211537286,403.57812249873797
17852.94957943969,-594.3556714196493
-5494.255721417067,585.3001699478199
7730.61713751746,320.6026705297134
564.5657659062176,346.9003849558978
42220.972634023,-2240.112874071436
-8462.65030612823,485.69605409055174
-13453.984499516886,1196.8131595793627
24.483217001754376,189.47148408782223
-21948.65572965901,861.6207179443896
35185.280801858935,-284.82747173027565
3104.26643143552,13.795980568380022
14646.261085379216,13.389249830545396
-16841.30767521788,684.6454004558594
30220.94047128889,-1478.8813144112946
886.7198974935129,477.6613420033257
5172.92575774656,533.5135591010142
-507.6996646740881,859.1086513221861
54485.182653271695,-1571.2525444722933
505.44437680648116,230.34213656192878
2345.710650526345,1301.4401611525072
-29567.86309079707,1294.2130111660956
-14056.509134651267,842.1523346211253
4497.139755468344,456.44018068282963
32445.271497418482,-1000.8891155020469
-12791.867432123783,1253.6851283024862
2731.4897932385948,-626.9897369965757
24542.803586144368,-167.28611804679608
35266.658628698824,-763.7864491203533
-7307.53411443894,697.1207075081956
-20983.341947921013,1203.7961391764154
31863.380031404544,-850.6670340313809
6888.68484045373,27.81742439918806
304.1259494253905,935.8639519750714
-726.5521021796797,249.3094822138893
16007.511676403823,718.4127252768527
-5686.709610480885,878.1812121819886
18698.555519588535,-687.7823548028182
10090.846536739606,-35.281269992128465
438.25130556970544,378.8372709394655
-908.6782285157819,506.42936970131876
51444.337578854866,-556.4447214320685
-184.46546304810894,99.7882332830656
11815.810175175307,102.12595549212438
4281.447924099758,567.6734291529962
28167.151844773278,-327.5206057206272
6426.258074470967,-364.78608300011456
-12809.217716969677,478.35466283159104
1233.7970794929354,-71.26299831397455
1976.57956153887,150.89948871025243
10401.870267397726,452.40225179536804
9857.723360831102,-658.240168766339
-321.58173291434025,588.572315977326
22469.552670858706,-626.5934456203363
61030.09338192842,-2206.154442731871
20051.64568320209,-211.6277096837185
3134.391904699185,471.8524068137171
773.1307344707636,422.6745544193591
6045.956037445471,464.20551134880407
-8682.101163200903,758.4608644650789
6293.158067058361,46.90312252441314
-1470.41400918609,369.2045081469748
14829.594499034776,-401.2845275721689
-9399.74039227916,1154.761284969605
2004.2343889156512,95.90090144171229
16342.448106071437,-471.6125530009047
-1534.5458895094205,835.234765488202
19681.865383822627,-455.5902766500573
7312.32677802266,-375.8384293887405
-14032.573485766792,1095.9769864680975
-1467.0032315950205,470.00343768016165
2772.1277660906194,-16.640852463873518
3164.0624294333247,-102.70677788958058
269.8984235648241,199.14530025096943
0.0,331.70905674161963
-6221.161914734847,863.3950705672254
-12607.011110599971,985.2684985648139
-3309.8606765041327,1008.2921705895993
11661.110373813104,-370.50108757289644
449.106714922309,294.9917984163944
0.0,265.0974610126837
1189.5638951746043,-585.092312941691
11982.049074107685,780.7623826484596
4555.337528316884,66.95415587533473
3009.722231249808,586.1648613179374
-3929.5778682732835,840.5296023070792
6805.513005226667,321.24029584817407
-16128.304588186002,1615.7788760477506
-2455.3934692753733,417.62539300616623
7913.958725020099,77.51030305641962
8736.833787744303,-354.57228275785343
5696.875248649248,-775.7912761094389
13664.632130369437,-653.6359381799284
-6222.762679476146,1072.7065117519394
-8627.35234311829,626.0900402487841
9217.782124642152,513.751024614606
-7130.390746525924,828.6113815314575
21052.31702979391,-1078.7483172824877
-3522.117039324672,430.2782843276937
-14329.29201736951,1336.317153461311
1791.3861074993038,500.5882525531136
18028.327656324134,-1595.1145028363007
1241.3091235281497,8.254028097471709
3799.312622456976,316.53635280812097
-2377.4806128488026,455.9243305109123
8043.489005752031,196.4326496437791
-27173.2032164462,1734.845544099185
19808.69186192435,256.6256938913648
5574.566491955517,595.7442980756421
41856.06861264449,-383.72173837791087
15099.314513032636,570.9655863943946
4572.76621147414,119.81481263608036
-1108.92838307716,24.62129302123405
6669.8170752048045,-106.97484749490543
-1232.449188449715,410.0550404220908
-3220.6232297718143,404.1334582312991
-2670.735720699252,635.804577885822
10478.01339520936,557.1454787631778
26274.273815631095,-195.4312548096841
-10756.947086745098,-1483.44336968284
-4645.323693623156,919.9111354456336
-1244.8151071711245,446.84611112369294
-6208.840695087963,881.358897435301
7800.339337587946,518.7391805629779
-12206.61436983503,1210.7700680432356
-4113.033308418587,742.1111559701882
-1137.7370567264297,325.80297335728284
3268.8538457146988,932.6641074518305
48495.71742969643,-1461.5005120079752
10363.163663488378,-612.8192147678861
-9158.117697776695,838.6078103897694
882.1022650167722,134.00225970966585
222.22248620743628,429.53102755741355
3123.078280162188,559.3582932975822
12465.47842481104,-126.47942478946432
34554.31208795056,-594.9506863114774
-285.1786471792438,397.1681027118223
-1607.6369716966324,471.0680698477866
12795.977876934816,361.47611407646554
-1161.2888713889665,541.7717495830854
22851.756504899276,-756.035700104689
14861.971919188096,198.08268112156384
10274.477632775423,-143.35900037201796
-20242.413042676817,1504.893322429394
981.0160464834045,596.3355791041018
5078.150024898781,220.401087600369
-1839.7740255363528,739.9282584571116
14471.938284248065,-558.4567971351262
36361.275017275766,-2210.0465205213914
-7737.434368481359,259.9914794248861
17776.79232465606,-184.49686001071086
-8991.778670421749,596.2662531756986
3287.9568859564206,130.8211713745894
-4668.743842829845,-309.24618362274487
-9074.978817802537,846.1340373502645
1109.946658233763,358.80678305318565
16232.680438514424,-188.8272557637662
-611.0591854867238,559.0531739507737
-2723.394506380524,439.743802080126
-81222.57886817539,4625.173375343996
-16830.07376290972,546.7734325988919
-14304.44055744528,1034.6148203963085
35001.87405681877,-1235.2761991079312
-814.1081367001317,587.4278169251401
6450.1218994954825,391.2984741264504
59.47185965863433,387.0700824991438
-3849.1200480057614,527.7800207480717
21169.86216406208,-71.07469204116622
699.6437647029961,592.0358164535452
1904.1229322045456,215.52420468291135
3079.313444867855,181.67715714162978
7013.403053666126,61.6050241389274
34793.767202890944,-977.4867851870586
2003.204367006004,596.731289135587
84.47625256874016,389.06953314621825
-4587.3425340072845,597.4063399608336
15781.28205657891,-387.38593273832976
2770.3870898666255,82.08146895326483
15770.499795762567,-543.5821857888046
23520.626300712225,-918.5349750066665
-722.7262722618732,703.8182341984648
3068.3967170049664,-510.4725715694158
-5613.32697385693,658.2330868104749
616.4849640213232,437.56505326674437
418.8240809840629,690.6654379977557
-2132.6028608404345,916.7246086328687
3503.7849570693174,472.90449268790127
3172.1948246258776,336.86544224874353
-7574.259169354001,873.8408242837905
0.0,717.1629390594626
-1372.8008083310442,490.78174315739835
-5190.990551074108,862.138310364816
-4320.30464145594,350.3577101243559
-30.975041401048564,751.8513472901487
-17684.775709747566,1596.0061811391352
-3805.8395986212663,538.1532871440528
-8148.873039697911,952.4843428189835
8758.863011679274,90.22753075003614
4493.490653677834,-59.88060119277278
762.6323371257748,223.52436962614593
-4036.743368296852,1126.9137206609387
464.52872930199374,894.5156513085398
-1133.9512344623804,934.98684817884
59004.197004575864,-1969.1053670966005
18868.76177224324,-612.5711329991194
-4019.254235852092,863.5218459911774
-2690.175937165913,921.6604086382373
36285.500039270955,-1152.0800157662304
8460.537214020202,239.1605131978149
-110052.24396055253,4992.969600484795
-4072.449005345398,682.1861923795251
498.26967621713106,-61.451848317928466
-24094.156734171087,1172.9420014993775
-3292.4237937995445,408.7253241698665
28448.088823908023,-1969.481003835097
31426.64867214085,-625.5268215529458
-4497.5688207870835,684.1660171766907
-1.2844869170163253,316.1287756301878
-27010.75619166688,2107.4040506107076
8351.29720954294,264.2243488393804
-12863.164152695577,1183.6840376315297
3692.899519341435,-199.76901717580915
2353.9406189406873,462.29404085648775
17140.63784470494,-1006.9626534522043
-38803.20698591774,2032.9703669353776
1351.4822655998007,605.5519783452324
798.7628955461138,494.59016139958226
-600.1194318482676,-164.97512396334938
-5521.029521695995,512.3975738517826
4051.620507219251,434.4736360252173
-39606.75427088962,1151.412429479065
7235.235453650245,-102.37252527111893
-567.3426152449842,415.0591722960471
40297.30422607108,-959.7106581678763
24627.262481130245,-285.1368555906677
2637.9764951637517,120.79791495904828
1404.4933259498282,380.742583869265
-14407.433459619426,763.6540586466153
177.29955564942767,46.02956315007517
1020.1747873571657,709.4946067744928
5232.493815224064,129.30657635116134
1471.8096047935676,-82.41302836591149
-1982.8329711563993,776.9577716759981
-1825.9500410537335,283.9318806204837
21989.12737777832,381.30208201504837
-12551.364593990735,1060.8995946004954
2217.1407972857196,434.37849339848407
-15406.334554350295,1025.4403526536134
-3146.6457685284254,-222.041526257487
-6763.431858683421,544.5275919551401
14313.054522087068,-18.173282516804495
5443.464122464879,241.29107804684568
-3465.3203156832724,596.6348541943552
-8504.136662329694,646.8691732853963
14913.59059355669,107.09965945462666
4508.954672975851,567.9048429305891
-12096.10308143363,1010.1599707718437
-334.0300018225679,468.75521212401674
7743.101201012452,169.40483541905996
-17164.350476020307,1158.8740624149666
15816.599674205161,-703.8997090429752
-7722.650162759164,443.07014644609563
2.178041027028288,587.7702853766324
-263.2776173976783,812.8117978518484
4017.1729168820852,55.535604138269264
10203.318682510402,-674.2078318957298
-9221.074193580904,1025.9924746495467
14110.188536452868,1310.9076690050154
-8345.414248374538,643.3218665750052
-5437.304693125741,489.5125845397065
496.95556317520095,359.5302352547601
0.0,988.0911343975177
1524.0843594014643,313.8853800659749
12428.86493703866,-434.6097395827992
-23828.480817054296,1195.9197806958612
2791.760765148545,494.88354759720977
847.8596133652618,469.5871602695367
10776.603795421786,-243.74655494675366
578.7061493815854,279.0327052240078
-4275.191869804008,781.8296183984745
-1045.3694324555217,414.6721098054865
-8278.840799844273,615.8777039372475
-1431.0879059606236,63.163501400903705
18502.39153406854,517.2943295487974
4270.213008188673,419.08618267840484
3674.1064294529974,-150.2042093134493
-780.6321243427001,-352.8644994052368
-909.8355718870683,277.7991162761885
4176.722146251288,581.1655340643011
15928.32387175944,225.41210090952754
-5409.422236834667,168.21744875193556
-17197.039420152014,603.5826141935313
-4789.6041593048985,294.1318930636401
-14466.339485669838,1118.930791511539
9003.172229280262,148.46016176638418
5135.31030962542,-0.21608375110645284
-3398.4032668870864,636.5999096976152
-20969.900001330225,1352.7157227774085
-11043.0125757974,854.3206600058626
-2635.7337350482853,299.79169828223075
8756.076689751062,-321.8944329407453
8923.840408147764,159.98358623506874
-8592.832657976607,483.8294091844996
8788.925682913296,254.3664938837712
0.0,649.2558967009157
-4193.53556072125,762.5144149032502
1039.3776119144954,-154.00756086586716
-31225.164652199357,2025.7025522208053
74980.07111005124,-3272.0355950327935
-9358.415374475047,1227.7065527816387
199.44316066555623,518.9501138123939
4509.905025816162,218.95830607084986
46901.203515180096,-1260.0543803614876
9499.163454058402,-478.53620590394866
-4237.43669890055,716.0279051625834
-3512.6102084590425,110.68021146798917
-191.00256759926532,703.3596177238378
4312.7828388053895,-145.2921082444849
47682.213059021735,-2165.6747049673145
-6743.032519059353,665.4951644503775
-3491.1864488053448,715.6249680842071
-6334.261343940127,713.9543069853559
-3253.3058692614977,401.0850063489515
12470.605543845302,-34.36853401628431
28558.327273790946,-705.7954208822894
-4676.744642460111,498.13795627342006
-526.8904902857176,523.6407375109889
7223.253714907304,382.0840972970589
23282.837606266512,473.06675239646347
9143.437557726256,-435.72815556837696
492.3803900796173,506.4737379115609
1210.1169854541142,563.4640596501862
-6723.99097935428,60.27772044399823
7266.820118444308,411.220278676394
-4462.033932992529,593.080593877385
-2994.4469288071696,410.3260845510102
5032.022216301922,33.466785847822244
0.0,417.2884916882024
-2798.471254018107,288.39393800747126
13709.085697048333,-1058.7851681394534
20743.89076855588,175.90146012971604
174.08832540809826,845.9946251981563
-16291.901352412182,644.1484513898195
25856.39589296442,395.8542870538365
-3239.8555708616923,644.6362259651132
66.97538004987003,330.72722732290896
-591.3327569408646,376.72139791718604
-20555.72638001381,1247.4531497871158
7335.220146634311,-84.14296106851846
2279.786247576113,516.3791821523861
1295.6865027663732,-275.8011489100188
9119.010073084099,405.91851252722927
-5378.092475004348,610.1550015260699
28818.51129386572,-687.6934799232537
-24670.661682373597,1560.8090128923607
-15018.24487782925,222.6463872753087
-1061.3499721800097,229.82853907719436
436.8501170880918,571.4931043580181
2527.361963887596,309.6502139854654
-1834.5054310902146,1383.0054473353766
14862.861052666412,-436.5502524069297
473.38122584283707,592.7214460125236
-11558.149884444794,1009.6551868087025
7144.016962620382,303.7605900954813
6368.751019832655,38.8059907037225
1634.4317516402314,327.2036617243482
-11819.133631963743,627.1184789472248
3670.0774774008273,1119.1833334725104
12405.886646282677,-477.0992776736787
0.0,283.1396024556666
2126.6841625107136,289.0163524029977
-33882.765613800184,1866.634612284732
2117.544679582832,744.9399608678159
23632.637570807958,-416.7070721172345
-2385.977732572889,638.9993925405741
-5475.369782718903,529.7197635443046
-17629.076179388314,956.1574355082647
22140.951923659624,-548.3082781011389
13419.312615299421,-599.6339656285342
-6988.713583437962,591.9001630523734
-19173.283251617526,1951.1579272301035
-7592.109322993834,1221.4038217629613
-266.39199245992984,99.2803993788685
22390.42291908146,-800.1353521552957
7626.608634329107,-217.80275265376864
-25487.228303133725,1180.4732375250444
7400.402014734283,190.39694727829752
44762.71141973054,-1899.716601510605
12032.46900711792,-121.13072665442935
121.43440994336247,420.2449417843316
2120.1463606373923,14.737561998634115
-130.92252502062573,647.5436190344934
-29895.612504150544,1649.5947277923294
-358.4086282171047,313.2454875399544
10278.597907029492,-248.528904396437
22522.734118810364,-2606.2405127684983
-4876.579768547497,441.896531850407
2562.4195746695696,171.78043754022337
-19913.153930458593,862.5695610986858
840.5227780666603,251.70231727724664
2728.6472203734584,426.7889497280856
-127.80087023173436,889.1084976960298
18529.641646105058,-272.84142608607743
33542.60127284716,-904.5050494995597
242.42291485200985,635.5795459879722
2354.8768856893216,430.34254383346916
-243.5669405829809,399.11503528008944
-2347.0002062824938,362.75500686817423
-5109.827097024523,529.1305518397166
-8904.19342456984,656.0417341931617
0.0,187.1513440189356
9613.319974909547,24.68232115411494
-43513.2772931103,2408.4545874324026
-967.4110992105236,-69.67697641927073
